{"cameraMode":{"drawMode":0,"name":"Shaded","section":"Shading Mode"},"sceneLighting":true,"audioPlay":false,"sceneViewState":{"m_AlwaysRefresh":false,"showFog":true,"showSkybox":true,"showFlares":true,"showImageEffects":true,"showParticleSystems":true,"showVisualEffectGraphs":true,"m_FxEnabled":true},"in2DMode":false,"pivot":{"x":441.3863525390625,"y":212.14886474609376,"z":-178.5882568359375},"rotation":{"x":0.0026899853255599739,"y":-0.0039020348340272905,"z":-0.000009413501175004058,"w":-0.9999934434890747},"size":214.7957305908203,"orthographic":false}